{
  "data_hash": "8e8880fc3d691d0529adf8c33e8a6028",
  "method_name": "kci",
  "parameters_hash": "99914b932bd37a50b983c5e7c90ae93b",
  "0;1": 0.10869890085132639,
  "0;2": 0.8225624718652345,
  "0;3": 0.0,
  "0;4": 0.8569184881226968,
  "0;5": 0.7804786821875233,
  "0;6": 0.0,
  "0;7": 0.0,
  "0;8": 1.0436096431476471e-14,
  "0;9": 0.38591204675641566,
  "0;10": 0.14048418826291165,
  "0;11": 0.8093984401726325,
  "1;2": 0.36923184363520356,
  "1;3": 0.16593821083728344,
  "1;4": 7.668675694461058e-09,
  "1;5": 0.6783271269380188,
  "1;6": 3.240899582035439e-08,
  "1;7": 0.021142730496256923,
  "1;8": 0.11594485385652276,
  "1;9": 0.7884539745996904,
  "1;10": 0.6310143769411273,
  "1;11": 0.8450515897988038,
  "2;3": 0.6056783154330488,
  "2;4": 0.487110128109689,
  "2;5": 0.0,
  "2;6": 0.1441860453996615,
  "2;7": 0.9109057835436157,
  "2;8": 2.866779469368197e-08,
  "2;9": 0.4734311087337528,
  "2;10": 2.4942270471228767e-12,
  "2;11": 0.556362267339763,
  "3;4": 0.47538229825517964,
  "3;5": 0.6850726021197975,
  "3;6": 0.0,
  "3;7": 0.0,
  "3;8": 0.0,
  "3;9": 0.0,
  "3;10": 0.001305242886080804,
  "3;11": 0.0,
  "4;5": 0.6350271737562625,
  "4;6": 1.957671340591105e-06,
  "4;7": 0.006600206547709875,
  "4;8": 0.5432863269771272,
  "4;9": 0.03521561871208545,
  "4;10": 0.4284140862296715,
  "4;11": 0.6389831330103488,
  "5;6": 0.3321806270330723,
  "5;7": 0.8361286000233725,
  "5;8": 1.7283537534495963e-07,
  "5;9": 0.21228650312893382,
  "5;10": 3.3306690738754696e-16,
  "5;11": 0.32000635690988655,
  "6;7": 0.0,
  "6;8": 0.0,
  "6;9": 2.4424906541753444e-15,
  "6;10": 3.6365022104689615e-11,
  "6;11": 7.771561172376096e-16,
  "7;8": 0.0,
  "7;9": 0.0003750055480276071,
  "7;10": 0.0,
  "7;11": 0.0030786872231105544,
  "8;9": 0.060829885921365956,
  "8;10": 0.0,
  "8;11": 0.3901970127328407,
  "9;10": 0.6229823622879409,
  "9;11": 0.0,
  "10;11": 0.7369106136924681,
  "0;3|6": 0.0,
  "0;3|7": 0.0,
  "0;3|8": 0.0,
  "0;6|3": 0.003980060396385876,
  "0;6|7": 0.0,
  "0;6|8": 0.0,
  "0;7|3": 9.37986824385284e-05,
  "0;7|6": 0.20783007119269514,
  "0;7|8": 0.0015472658115944782,
  "0;8|3": 0.00013550054045341486,
  "0;8|6": 0.01837163560040711,
  "0;8|7": 0.11877649364867437,
  "1;4|6": 9.084135946801908e-07,
  "1;4|7": 1.0281907547593505e-09,
  "1;6|4": 1.257303284818434e-07,
  "1;6|7": 4.66020241285392e-08,
  "1;7|4": 0.058120869663718544,
  "1;7|6": 0.14880883163010694,
  "2;5|8": 0.0,
  "2;5|10": 0.0,
  "2;8|5": 0.19760306735032285,
  "2;8|10": 0.007332584740401549,
  "2;10|5": 0.37766542862744545,
  "2;10|8": 5.153309194150246e-06,
  "0;3|9": 0.0,
  "0;3|10": 0.0,
  "0;3|11": 0.0,
  "3;6|0": 0.0,
  "3;6|7": 0.0,
  "3;6|8": 0.0,
  "3;6|9": 0.0,
  "3;6|10": 0.0,
  "3;6|11": 0.0,
  "3;7|0": 0.0,
  "3;7|6": 0.5141893546272214,
  "3;7|8": 0.0,
  "3;7|9": 0.0,
  "3;7|10": 0.0,
  "3;7|11": 0.0,
  "3;8|0": 0.0,
  "3;8|6": 0.12004586558585595,
  "3;8|7": 0.04252424106966779,
  "3;8|9": 0.0,
  "3;8|10": 0.0,
  "3;8|11": 0.0,
  "3;9|0": 0.0,
  "3;9|6": 0.0,
  "3;9|7": 0.0,
  "3;9|8": 0.0,
  "3;9|10": 0.0,
  "3;9|11": 0.0,
  "3;10|0": 0.0009525137720928223,
  "3;10|6": 0.18617507902231167,
  "3;10|7": 0.2572934916502454,
  "3;10|8": 0.2203510484113792,
  "3;10|9": 6.272832258735761e-06,
  "3;10|11": 5.80319927512285e-06,
  "3;11|0": 0.0,
  "3;11|6": 0.0,
  "3;11|7": 0.0,
  "3;11|8": 0.0,
  "3;11|9": 0.0,
  "3;11|10": 0.0,
  "1;4|9": 7.944800373138605e-11,
  "4;6|1": 2.0602046859719003e-05,
  "4;6|7": 0.0005069973429693286,
  "4;6|9": 7.321748409883089e-05,
  "4;7|1": 0.009271552617313827,
  "4;7|6": 0.6864267734191316,
  "4;7|9": 0.18063659563707168,
  "4;9|1": 0.013778367839231365,
  "4;9|6": 0.11857483247379919,
  "4;9|7": 0.050147415828043496,
  "5;8|2": 0.37021494829585166,
  "5;8|10": 0.048552170393594496,
  "5;10|2": 0.00014990760380728663,
  "5;10|8": 1.2055356712892262e-10,
  "0;6|1": 0.0,
  "0;6|4": 0.0,
  "0;6|9": 0.0,
  "0;6|10": 0.0,
  "0;6|11": 0.0,
  "1;6|0": 1.1102230246251565e-16,
  "1;6|3": 0.0,
  "1;6|8": 2.597783099744788e-10,
  "1;6|9": 3.558353611765597e-11,
  "1;6|10": 2.8775215543674904e-10,
  "1;6|11": 1.7008616737257398e-13,
  "3;6|1": 0.0,
  "3;6|4": 0.0,
  "4;6|0": 6.52811138479592e-14,
  "4;6|3": 0.0,
  "4;6|8": 1.1929738157334668e-06,
  "4;6|10": 2.3617363620331844e-10,
  "4;6|11": 1.1983756209588137e-09,
  "6;7|0": 0.0,
  "6;7|1": 0.0,
  "6;7|3": 0.0,
  "6;7|4": 0.0,
  "6;7|8": 0.0,
  "6;7|9": 0.0,
  "6;7|10": 0.0,
  "6;7|11": 0.0,
  "6;8|0": 0.0,
  "6;8|1": 0.0,
  "6;8|3": 0.0,
  "6;8|4": 0.0,
  "6;8|7": 0.70514229672148,
  "6;8|9": 0.0,
  "6;8|10": 0.0,
  "6;8|11": 0.0,
  "6;9|0": 0.0,
  "6;9|1": 1.887379141862766e-15,
  "6;9|3": 0.063885013157154,
  "6;9|4": 1.7763568394002505e-15,
  "6;9|7": 1.0865532584780624e-08,
  "6;9|8": 1.0327294575063206e-12,
  "6;9|10": 1.1102230246251565e-15,
  "6;9|11": 0.0,
  "6;10|0": 5.587752482938413e-13,
  "6;10|1": 2.473576898864849e-13,
  "6;10|3": 2.2949688260887058e-08,
  "6;10|4": 1.5543122344752192e-15,
  "6;10|7": 0.28312907941530063,
  "6;10|8": 0.6174546776059557,
  "6;10|9": 1.1102230246251565e-16,
  "6;10|11": 1.1102230246251565e-16,
  "6;11|0": 0.0,
  "6;11|1": 1.1102230246251565e-16,
  "6;11|3": 0.17369153984184926,
  "6;11|4": 0.0,
  "6;11|7": 2.5200862507901434e-09,
  "6;11|8": 2.7777780076121417e-13,
  "6;11|9": 0.0,
  "6;11|10": 1.1102230246251565e-16,
  "0;7|1": 0.0,
  "0;7|4": 0.0,
  "0;7|9": 0.0,
  "0;7|10": 0.0,
  "0;7|11": 0.0,
  "1;7|0": 0.00042384579515986065,
  "1;7|3": 2.7586179406347e-06,
  "1;7|8": 0.0052531506186586086,
  "1;7|9": 0.057486862752399226,
  "1;7|10": 0.02821546357745275,
  "1;7|11": 0.005224364544468618,
  "3;7|1": 0.0,
  "3;7|4": 0.0,
  "4;7|0": 9.741100673865688e-07,
  "4;7|3": 5.044350047112012e-06,
  "4;7|8": 0.006438283715950455,
  "4;7|10": 0.0025667118528804878,
  "4;7|11": 0.0029657404669708454,
  "7;8|0": 0.0,
  "7;8|1": 0.0,
  "7;8|3": 0.0,
  "7;8|4": 0.0,
  "7;8|6": 0.0,
  "7;8|9": 0.0,
  "7;8|10": 0.0,
  "7;8|11": 0.0,
  "7;9|0": 0.0,
  "7;9|1": 0.0001627575959171068,
  "7;9|3": 0.02418147091845113,
  "7;9|4": 0.0005062194467467807,
  "7;9|6": 0.47041486154410384,
  "7;9|8": 0.010705368701250495,
  "7;9|10": 0.00011504865668832132,
  "7;9|11": 0.0,
  "7;10|0": 0.0,
  "7;10|1": 0.0,
  "7;10|3": 0.0,
  "7;10|4": 0.0,
  "7;10|6": 1.2878587085651816e-14,
  "7;10|8": 0.7381118109614686,
  "7;10|9": 0.0,
  "7;10|11": 0.0,
  "7;11|0": 0.0,
  "7;11|1": 0.0005431357626722866,
  "7;11|3": 0.2449166937705587,
  "7;11|4": 0.001222285105815124,
  "7;11|6": 0.8186226239258929,
  "7;11|8": 0.021795368561153827,
  "7;11|9": 0.0,
  "7;11|10": 0.00013012859145866695,
  "0;8|2": 0.0,
  "0;8|5": 0.0,
  "0;8|10": 2.220446049250313e-16,
  "2;8|0": 6.978861932793734e-13,
  "2;8|3": 1.4432899320127035e-15,
  "2;8|6": 0.0,
  "2;8|7": 0.0,
  "3;8|2": 0.0,
  "3;8|5": 0.0,
  "5;8|0": 3.1089908425485646e-09,
  "5;8|3": 2.1900703472965688e-11,
  "5;8|6": 8.79296635503124e-14,
  "5;8|7": 0.0,
  "6;8|2": 0.0,
  "6;8|5": 0.0,
  "7;8|2": 0.0,
  "7;8|5": 0.0,
  "8;10|0": 0.0,
  "8;10|2": 0.0,
  "8;10|3": 0.0,
  "8;10|5": 0.0,
  "8;10|6": 0.0,
  "8;10|7": 0.0,
  "3;9|4": 0.0,
  "4;9|3": 0.07682831180885275,
  "4;9|11": 0.0,
  "9;11|3": 0.0,
  "9;11|4": 0.0,
  "9;11|6": 0.0,
  "9;11|7": 0.0,
  "2;10|3": 6.661338147750939e-16,
  "2;10|6": 1.1102230246251565e-16,
  "2;10|7": 0.0,
  "3;10|2": 2.8109960745648088e-05,
  "3;10|5": 1.211835817982454e-05,
  "5;10|3": 0.0,
  "5;10|6": 0.0,
  "5;10|7": 0.0,
  "6;10|2": 0.0,
  "6;10|5": 0.0,
  "7;10|2": 0.0,
  "7;10|5": 0.0,
  "0;3|6.9": 0.0,
  "0;3|6.11": 0.0,
  "0;3|9.11": 0.0,
  "3;6|0.9": 0.0,
  "3;6|0.11": 2.87972940560266e-06,
  "3;6|9.11": 0.0,
  "3;9|0.6": 0.0,
  "3;9|0.11": 0.2557612709681387,
  "3;9|6.11": 0.00047906293569122127,
  "3;11|0.6": 0.0,
  "3;11|0.9": 4.01838173846869e-09,
  "3;11|6.9": 0.0010937242009823045,
  "0;6|1.3": 2.2772133948523177e-06,
  "0;6|1.4": 0.0,
  "0;6|1.7": 0.0,
  "0;6|3.4": 4.2123917665559674e-05,
  "0;6|3.7": 0.46669093906475334,
  "0;6|4.7": 0.0,
  "1;6|0.3": 0.0,